[
    {
        "id":3,
        "title":"토끼에 대하여",
        "content":"토끼목 토끼과의 포유류 동물이다. 꼬리가 짧고 귀가 긴 게 특징이다. 대한민국에는 특히 북방토끼(또는 만주토끼), 우는토끼, 멧토끼가 분포한다고 알려져 있다."
    },
    {
        "id":4,
        "title":"원숭이에 대하여",
        "content":"지능이 높고 적응력이 좋아서 서식지가 밀림뿐만 아니라 초원, 바위산 등 다양하다. 현재 야생에서는 대부분이 라틴아메리카, 아프리카, 남아시아, 동남아시아 등 적도 근처의 아열대나 열대 지방에 서식하고 있다."
    },
    {
        "id":5,
        "title":"코끼리에 대하여",
        "content":"코끼리는 포유류 아프로테리아상목 장비목 코끼리과에 속하는 생물의 총칭으로 타 육상동물과 비교할 수 없을 정도로 기다란 코와 큰 귀, 양 옆으로 튀어나온 상아[1]가 특징이며 지상에서 가장 큰 육상 현생 동물이다."
    }
]